product,brand,category,retailer,price,size,unit_price
Full Cream Milk 2L,Generic,Dairy,Checkers,32.99,2L,16.495
Full Cream Milk 2L,Generic,Dairy,Shoprite,31.99,2L,15.995
Full Cream Milk 2L,Generic,Dairy,Pick n Pay,33.99,2L,16.995
Full Cream Milk 2L,Generic,Dairy,Woolworths Food,38.99,2L,19.495
White Bread 700g,Generic,Bakery,Checkers,18.99,700g,2.713
White Bread 700g,Generic,Bakery,Shoprite,17.99,700g,2.570
White Bread 700g,Generic,Bakery,Pick n Pay,16.99,700g,2.427
White Bread 700g,Generic,Bakery,Woolworths Food,24.99,700g,3.570
Chicken Breasts 1kg,Generic,Meat,Checkers,89.99,1kg,89.990
Chicken Breasts 1kg,Generic,Meat,Shoprite,84.99,1kg,84.990
Chicken Breasts 1kg,Generic,Meat,Pick n Pay,92.99,1kg,92.990
Chicken Breasts 1kg,Generic,Meat,Woolworths Food,109.99,1kg,109.990
Coca-Cola 2L,Coca-Cola,Beverages,Checkers,22.99,2L,11.495
Coca-Cola 2L,Coca-Cola,Beverages,Shoprite,21.99,2L,10.995
Coca-Cola 2L,Coca-Cola,Beverages,Pick n Pay,23.99,2L,11.995
Coca-Cola 2L,Coca-Cola,Beverages,Woolworths Food,25.99,2L,12.995